date,10cm,20cm,30cm,40cm,50cm,60cm
2020-12-31 00:00:00+00:00,22.0195,22.933999999999997,22.5135,23.3715,21.393,24.278
2021-01-01 00:00:00+00:00,22.059979166666665,22.88625,22.477083333333336,23.336020833333336,21.370479166666666,24.244020833333334
2021-01-02 00:00:00+00:00,21.722979166666665,22.735208333333333,22.40416666666667,23.276416666666666,21.317604166666666,24.1809375
2021-01-03 00:00:00+00:00,21.47675,22.614041666666665,22.311625000000003,23.197083333333335,21.243375,24.108625
2021-01-04 00:00:00+00:00,21.338854166666668,22.5380625,22.241125,23.127,21.1868125,24.042208333333335
2021-01-05 00:00:00+00:00,21.217541666666666,22.528916666666664,22.231125000000002,23.100375,21.143208333333334,23.9895625
2021-01-06 00:00:00+00:00,21.299937500000002,22.584374999999998,22.2501875,23.087,21.114416666666667,23.949645833333335
2021-01-07 00:00:00+00:00,30.162916666666664,23.9028125,22.31504166666667,23.1244375,21.13564583333333,23.9459375
2021-01-08 00:00:00+00:00,33.65441666666667,27.461458333333336,22.276124999999997,23.077166666666667,21.115166666666667,23.941437500000003
2021-01-09 00:00:00+00:00,33.3678125,31.76127083333333,25.479083333333335,23.076270833333336,21.0865625,23.882375
2021-01-10 00:00:00+00:00,31.833083333333335,31.084374999999998,28.096145833333335,23.324354166666666,21.106145833333333,23.86145833333333
2021-01-11 00:00:00+00:00,31.427125,30.656937499999998,28.48625,23.84872916666667,21.101854166666666,23.833291666666668
2021-01-12 00:00:00+00:00,30.993395833333334,30.312395833333337,28.568645833333335,24.631833333333333,21.1045625,23.8135
2021-01-13 00:00:00+00:00,30.804875,30.078958333333333,28.550979166666664,25.400604166666668,21.091583333333332,23.792166666666663
2021-01-14 00:00:00+00:00,30.6441875,29.927875,28.559,26.040291666666665,21.117166666666666,23.7765625
2021-01-15 00:00:00+00:00,30.570375,29.886499999999998,28.610229166666667,26.525229166666666,21.179270833333334,23.794645833333334
2021-01-16 00:00:00+00:00,30.256687499999998,29.7475625,28.6288125,26.882604166666667,21.28258333333333,23.8406875
2021-01-17 00:00:00+00:00,29.975583333333333,29.537458333333333,28.5659375,27.101958333333332,21.349270833333335,23.869604166666665
2021-01-18 00:00:00+00:00,29.936833333333336,29.528000000000002,28.604249999999997,27.306145833333332,21.429479166666667,23.90216666666667
2021-01-19 00:00:00+00:00,29.666458333333335,29.392,28.6038125,27.484083333333334,21.545041666666666,23.957687500000002
2021-01-20 00:00:00+00:00,29.41225,29.177895833333334,28.514229166666667,27.57377083333333,21.62591666666667,24.002
2021-01-21 00:00:00+00:00,29.654645833333333,29.182708333333334,28.483833333333333,27.62991666666667,21.69122916666667,24.014333333333337
2021-01-22 00:00:00+00:00,29.973020833333333,30.215729166666666,29.829125,29.44366666666667,22.430812500000002,24.095895833333334
2021-01-23 00:00:00+00:00,30.323645833333334,31.0235,30.210083333333333,31.38383333333333,25.27175,24.26472916666667
2021-01-24 00:00:00+00:00,30.761479166666664,30.933729166666666,29.776375,30.961520833333335,26.14645833333333,24.5043125
2021-01-25 00:00:00+00:00,30.934895833333332,31.392333333333337,30.341333333333335,31.50089583333333,27.384270833333332,25.5180625
2021-01-26 00:00:00+00:00,32.28404166666667,32.64683333333333,31.428375,32.803625000000004,30.21675,30.4015625
2021-01-27 00:00:00+00:00,32.8250625,32.5231875,30.997645833333333,32.34314583333333,30.45510416666667,32.45783333333333
2021-01-28 00:00:00+00:00,33.287,32.95033333333333,31.881979166666667,33.123041666666666,31.2085625,33.102624999999996
2021-01-29 00:00:00+00:00,33.09441666666667,32.41279166666667,31.15414583333333,32.59189583333333,30.863479166666668,33.288666666666664
2021-01-30 00:00:00+00:00,33.15572916666667,32.640791666666665,31.707562499999998,33.14545833333333,31.397604166666667,33.6034375
2021-01-31 00:00:00+00:00,32.688375,31.874333333333336,30.87427083333333,32.508874999999996,30.945791666666665,33.534124999999996
2021-02-01 00:00:00+00:00,33.031479166666664,32.16095833333333,31.284000000000002,32.81979166666667,31.200458333333334,33.57022916666667
2021-02-02 00:00:00+00:00,33.06435416666667,31.919875,30.889020833333333,32.51135416666667,31.050124999999998,33.7798125
2021-02-03 00:00:00+00:00,32.816250000000004,31.786770833333335,31.003229166666667,32.5215625,30.901187500000002,33.50239583333333
2021-02-04 00:00:00+00:00,32.989875,31.667437500000002,30.733333333333334,32.37114583333334,30.882166666666667,33.607625
2021-02-05 00:00:00+00:00,33.109833333333334,32.0080625,31.64797916666667,33.30054166666667,31.730375,34.146458333333335
2021-02-06 00:00:00+00:00,34.948708333333336,33.67377083333333,33.88679166666667,35.59947916666667,34.44658333333333,36.21375
2021-02-07 00:00:00+00:00,34.698145833333335,33.209125,33.559041666666666,35.336625000000005,34.24585416666667,35.98079166666667
2021-02-08 00:00:00+00:00,33.85064583333333,31.897625,31.783916666666666,33.54739583333333,32.425041666666665,34.8608125
2021-02-09 00:00:00+00:00,32.9885,31.0599375,30.825833333333335,32.5514375,31.19141666666667,33.85766666666667
2021-02-10 00:00:00+00:00,32.920812500000004,30.742041666666665,30.312541666666664,32.14035416666667,30.787125,33.56979166666667
2021-02-11 00:00:00+00:00,33.112833333333334,31.06641666666667,30.727687500000002,32.45066666666667,30.996458333333333,33.54591666666666
2021-02-12 00:00:00+00:00,33.555625,31.4721875,31.136625,32.82902083333333,31.456083333333336,33.89879166666667
2021-02-13 00:00:00+00:00,33.006791666666665,30.911562500000002,30.430979166666663,32.223437499999996,30.931916666666666,33.6540625
2021-02-14 00:00:00+00:00,32.35058333333333,30.441270833333334,30.036833333333334,31.882520833333334,30.573583333333332,33.324125
2021-02-15 00:00:00+00:00,32.803958333333334,31.1055625,30.970354166666667,32.675000000000004,31.278791666666667,33.70139583333333
2021-02-16 00:00:00+00:00,32.784625,31.074416666666668,30.846625,32.570875,31.1819375,33.71939583333333
2021-02-17 00:00:00+00:00,32.614666666666665,30.724,30.397312499999998,32.262770833333335,30.914291666666667,33.59022916666667
2021-02-18 00:00:00+00:00,32.5904375,30.881041666666665,30.676312499999998,32.443875,31.00583333333333,33.50425
2021-02-19 00:00:00+00:00,33.062625000000004,31.40935416666667,31.299583333333334,33.01954166666667,31.734729166666668,34.166125
2021-02-20 00:00:00+00:00,32.89845833333333,31.249666666666666,31.13475,32.854979166666666,31.537291666666665,34.086
2021-02-21 00:00:00+00:00,32.500416666666666,30.671354166666664,30.423416666666668,32.2580625,30.970125,33.73735416666667
2021-02-22 00:00:00+00:00,32.676625,31.107333333333333,31.096666666666668,32.8305625,31.517666666666667,34.04358333333334
2021-02-23 00:00:00+00:00,32.89960416666667,31.374499999999998,31.470770833333333,33.226166666666664,31.951854166666667,34.41441666666667
2021-02-24 00:00:00+00:00,32.46075,30.706354166666667,30.580020833333336,32.4985,31.2613125,33.973062500000005
2021-02-25 00:00:00+00:00,33.0161875,31.609750000000002,31.894333333333332,33.5609375,32.25989583333333,34.571041666666666
2021-02-26 00:00:00+00:00,33.23227083333333,31.738333333333333,31.817791666666665,33.456125,32.252270833333334,34.79572916666667
2021-02-27 00:00:00+00:00,32.710229166666664,31.028729166666665,30.888958333333335,32.658479166666666,31.45,34.3315625
2021-02-28 00:00:00+00:00,32.04772916666666,30.50854166666667,30.447979166666666,32.28183333333333,31.052333333333333,33.9694375
2021-03-01 00:00:00+00:00,32.5315,31.111770833333335,31.206645833333337,32.88366666666666,31.570687500000002,34.221979166666664
2021-03-02 00:00:00+00:00,32.80804166666667,31.276229166666667,31.356395833333334,33.023583333333335,31.71966666666667,34.361979166666664
2021-03-03 00:00:00+00:00,32.50789583333333,30.767229166666667,30.726645833333333,32.53247916666667,31.281625000000002,34.1061875
2021-03-04 00:00:00+00:00,32.573875,30.99972916666667,31.117791666666665,32.8035625,31.459208333333333,34.091625
2021-03-05 00:00:00+00:00,32.89341666666667,31.33729166666667,31.461708333333334,33.088875,31.779687499999998,34.36258333333333
2021-03-06 00:00:00+00:00,33.030833333333334,31.303729166666667,31.40608333333333,33.040083333333335,31.749041666666667,34.374625
2021-03-07 00:00:00+00:00,35.27791666666666,32.500499999999995,32.2875625,33.7645,32.662416666666665,35.07358333333333
2021-03-08 00:00:00+00:00,33.15872916666667,31.298708333333334,31.21785416666667,32.838625,31.752479166666664,34.65447916666667
2021-03-09 00:00:00+00:00,32.908520833333334,31.0449375,30.94560416666667,32.543145833333334,31.415125,34.324083333333334
2021-03-10 00:00:00+00:00,32.87495833333333,31.212458333333334,31.220083333333335,32.67641666666667,31.4068125,34.18114583333333
2021-03-11 00:00:00+00:00,33.4945,31.897729166666664,31.894458333333333,33.210375,31.898208333333333,34.466833333333334
2021-03-12 00:00:00+00:00,33.6508125,31.967708333333334,31.86616666666667,33.146791666666665,31.841395833333333,34.441
2021-03-13 00:00:00+00:00,33.847520833333334,32.182520833333335,32.109229166666665,33.2826875,31.98239583333333,34.522625
2021-03-14 00:00:00+00:00,33.3533125,31.608520833333333,31.513229166666665,32.824395833333334,31.639937500000002,34.3724375
2021-03-15 00:00:00+00:00,33.3566875,31.841791666666666,31.910229166666667,33.050125,31.745833333333334,34.36564583333334
2021-03-16 00:00:00+00:00,33.63610416666666,32.07064583333334,32.23914583333333,33.34972916666667,32.001333333333335,34.5104375
2021-03-17 00:00:00+00:00,33.944812500000005,32.388666666666666,32.93779166666666,34.118833333333335,32.744625,34.850791666666666
2021-03-18 00:00:00+00:00,33.7908125,32.35766666666667,33.234854166666665,34.683458333333334,33.090354166666664,34.94433333333333
2021-03-19 00:00:00+00:00,33.582208333333334,31.777145833333336,32.63758333333333,34.46389583333333,33.06997916666666,35.11291666666667
2021-03-20 00:00:00+00:00,34.10166666666667,32.318999999999996,33.1348125,34.7406875,33.32933333333333,35.29270833333333
2021-03-21 00:00:00+00:00,33.2145,31.439229166666667,32.33102083333333,34.1555625,33.07870833333333,35.3815625
2021-03-22 00:00:00+00:00,33.56702083333333,31.906791666666667,32.75002083333333,34.31795833333333,33.15014583333333,35.41308333333333
2021-03-23 00:00:00+00:00,34.20783333333333,32.50925,33.32775,34.7499375,33.6520625,35.90272916666667
2021-03-24 00:00:00+00:00,34.38435416666667,32.63554166666667,33.21422916666667,34.49058333333333,33.44477083333333,35.9281875
2021-03-25 00:00:00+00:00,34.761291666666665,32.99997916666667,33.555125,34.681270833333336,33.57483333333334,36.0224375
2021-03-26 00:00:00+00:00,34.753729166666666,33.004354166666666,33.49397916666667,34.572875,33.40835416666667,35.92591666666667
2021-03-27 00:00:00+00:00,34.83079166666666,33.05433333333333,33.469229166666665,34.541041666666665,33.370020833333335,35.90541666666667
2021-03-28 00:00:00+00:00,33.97466666666667,32.12591666666667,32.672895833333335,33.94329166666667,32.87647916666666,35.58920833333333
2021-03-29 00:00:00+00:00,34.195625,32.45404166666667,32.983062499999996,34.03875,32.83225,35.383041666666664
2021-03-30 00:00:00+00:00,34.788562500000005,32.915875,33.35941666666667,34.33810416666667,33.13133333333334,35.548562499999996
2021-03-31 00:00:00+00:00,34.679833333333335,32.800041666666665,33.306916666666666,34.27245833333333,33.081541666666666,35.51085416666667
2021-04-01 00:00:00+00:00,34.83977083333333,32.9509375,33.623958333333334,34.54516666666667,33.373875,35.68335416666667
2021-04-02 00:00:00+00:00,34.2185,32.02214583333333,32.67308333333333,33.822625,32.773625,35.38039583333333
2021-04-03 00:00:00+00:00,34.8650625,32.876,33.63554166666667,34.43304166666667,33.19779166666667,35.473979166666666
2021-04-04 00:00:00+00:00,34.676812500000004,32.38220833333333,33.04114583333333,34.157020833333334,33.128770833333334,35.62647916666667
2021-04-05 00:00:00+00:00,34.9565,32.8221875,33.43633333333333,34.33322916666666,33.1773125,35.529875
2021-04-06 00:00:00+00:00,35.231854166666665,33.002625,33.575854166666666,34.4165625,33.25654166666667,35.559374999999996
2021-04-07 00:00:00+00:00,35.082,32.996249999999996,33.706583333333334,34.5524375,33.41129166666666,35.645125
2021-04-08 00:00:00+00:00,35.5813125,33.54964583333334,34.4774375,35.15591666666666,33.928916666666666,35.8939375
2021-04-09 00:00:00+00:00,36.1546875,34.1451875,35.26295833333334,35.8130625,34.724583333333335,36.477583333333335
2021-04-10 00:00:00+00:00,35.50579166666667,33.035645833333334,34.016708333333334,34.882041666666666,33.8295,36.042791666666666
2021-04-11 00:00:00+00:00,35.108583333333335,31.996354166666666,32.78822916666667,33.86266666666666,32.828875000000004,35.4290625
2021-04-12 00:00:00+00:00,35.2664375,32.56702083333334,33.348375,34.1773125,32.995375,35.399187500000004
2021-04-13 00:00:00+00:00,35.28127083333333,32.661875,33.527750000000005,34.323145833333335,33.14714583333333,35.524125
2021-04-14 00:00:00+00:00,35.303000000000004,32.78075,33.804562499999996,34.57985416666667,33.1636875,35.48472916666667
2021-04-15 00:00:00+00:00,35.733020833333335,32.64066666666667,33.485708333333335,34.280125,33.057375,35.43991666666667
2021-04-16 00:00:00+00:00,35.35152083333333,32.4058125,33.35647916666667,34.1995625,33.05654166666667,35.48285416666666
2021-04-17 00:00:00+00:00,34.907875,32.23733333333333,33.17822916666667,34.00958333333333,32.8695,35.360625
2021-04-18 00:00:00+00:00,34.224270833333335,31.808999999999997,32.898020833333334,33.776291666666665,32.664875,35.2388125
2021-04-19 00:00:00+00:00,34.473708333333335,32.4495,33.756750000000004,34.4033125,33.05745833333334,35.39554166666667
2021-04-20 00:00:00+00:00,35.16685416666667,33.10827083333333,34.1489375,34.756458333333335,33.3621875,35.5666875
2021-04-21 00:00:00+00:00,35.402770833333335,33.100479166666666,34.072583333333334,34.632125,33.408229166666665,35.66704166666667
2021-04-22 00:00:00+00:00,35.61770833333333,32.74825,33.513104166666665,34.22441666666666,33.08920833333333,35.52079166666667
2021-04-23 00:00:00+00:00,35.445125,32.97335416666667,33.790416666666665,34.4206875,33.1598125,35.493874999999996
2021-04-24 00:00:00+00:00,34.86320833333333,32.468604166666665,33.463770833333335,34.20922916666667,33.02835416666667,35.46839583333333
2021-04-25 00:00:00+00:00,34.42672916666667,31.892583333333334,33.0228125,33.86247916666667,32.737375,35.30347916666667
2021-04-26 00:00:00+00:00,35.45404166666667,32.166020833333334,32.93620833333333,33.695541666666664,32.546125,35.1355
2021-04-27 00:00:00+00:00,35.463812499999996,32.79408333333333,33.60789583333334,34.16229166666667,32.8265,35.20852083333333
2021-04-28 00:00:00+00:00,35.577895833333336,33.1858125,34.10991666666667,34.647937500000005,33.37854166666667,35.61077083333333
2021-04-29 00:00:00+00:00,34.64160416666667,32.214083333333335,33.28064583333333,34.0885,33.051562499999996,35.5579375
2021-04-30 00:00:00+00:00,34.50060416666667,32.48822916666666,33.64266666666666,34.238708333333335,33.059000000000005,35.470625
2021-05-01 00:00:00+00:00,35.07152083333333,32.7539375,33.690625000000004,34.32520833333333,33.17633333333333,35.572208333333336
2021-05-02 00:00:00+00:00,34.13120833333333,31.916416666666667,33.0619375,33.889541666666666,32.894666666666666,35.456854166666666
2021-05-03 00:00:00+00:00,33.9648125,32.15004166666667,33.38727083333333,34.01533333333333,32.879020833333335,35.36354166666667
2021-05-04 00:00:00+00:00,35.158791666666666,32.758583333333334,33.73352083333334,34.31647916666667,33.134770833333334,35.52664583333333
2021-05-05 00:00:00+00:00,35.45814583333333,33.23622916666667,34.27272916666667,34.82491666666667,33.49941666666667,35.72164583333333
2021-05-06 00:00:00+00:00,35.427145833333334,33.034416666666665,33.9958125,34.547937499999996,33.436625,35.83075
2021-05-07 00:00:00+00:00,35.18116666666666,32.995687499999995,33.941875,34.46779166666666,33.33266666666667,35.75208333333334
2021-05-08 00:00:00+00:00,35.1533125,33.066375,34.034083333333335,34.59254166666667,33.46216666666667,35.83622916666667
2021-05-09 00:00:00+00:00,34.55108333333333,32.584875000000004,33.57908333333334,34.23275,33.186166666666665,35.708354166666666
2021-05-10 00:00:00+00:00,34.5200625,32.57504166666667,33.62339583333333,34.225125,33.08408333333333,35.58320833333334
2021-05-11 00:00:00+00:00,34.69497916666666,32.86141666666666,33.91466666666667,34.50352083333333,33.33360416666667,35.70435416666667
2021-05-12 00:00:00+00:00,35.01445833333333,33.22452083333334,34.31364583333333,34.89833333333333,33.7471875,35.9895
2021-05-13 00:00:00+00:00,35.07625,33.204812499999996,34.21304166666667,34.829208333333334,33.7301875,36.021145833333335
2021-05-14 00:00:00+00:00,35.29145833333333,33.27525,34.23639583333333,34.88191666666666,33.863083333333336,36.14629166666667
2021-05-15 00:00:00+00:00,35.199062500000004,33.33777083333333,34.26683333333333,34.9003125,33.84847916666667,36.14235416666667
2021-05-16 00:00:00+00:00,35.2094375,33.259625,34.157895833333335,34.84625,33.84710416666667,36.16610416666666
2021-05-17 00:00:00+00:00,34.339083333333335,32.66529166666667,33.52252083333333,34.32208333333333,33.43225,35.951750000000004
2021-05-18 00:00:00+00:00,34.61485416666667,32.9628125,33.849020833333334,34.5745,33.57627083333333,35.97929166666667
2021-05-19 00:00:00+00:00,34.2595625,32.88185416666666,33.838229166666665,34.5756875,33.596604166666665,35.990270833333334
2021-05-20 00:00:00+00:00,34.585187499999996,33.09170833333334,34.118520833333335,34.845979166666666,33.85060416666666,36.14522916666667
2021-05-21 00:00:00+00:00,34.463125,33.14014583333333,34.194229166666666,34.88545833333333,33.85995833333333,36.178333333333335
2021-05-22 00:00:00+00:00,34.793104166666666,33.14654166666667,34.053604166666666,34.766041666666666,33.823770833333334,36.1669375
2021-05-23 00:00:00+00:00,36.169375,34.034083333333335,34.8489375,35.30860416666667,34.30479166666667,36.4224375
2021-05-24 00:00:00+00:00,35.36083333333333,33.08677083333333,34.08102083333333,35.043479166666664,34.459583333333335,36.92183333333333
2021-05-25 00:00:00+00:00,34.991083333333336,33.25904166666667,34.24333333333333,34.95783333333333,34.0951875,36.56608333333333
2021-05-26 00:00:00+00:00,35.4030625,33.53,34.42525,35.112833333333334,34.23475,36.6078125
2021-05-27 00:00:00+00:00,35.238375,33.541270833333336,34.5279375,35.149499999999996,34.26383333333333,36.62339583333333
2021-05-28 00:00:00+00:00,35.7663125,33.665708333333335,34.490229166666666,35.14835416666667,34.26329166666667,36.65508333333333
2021-05-29 00:00:00+00:00,35.83591666666667,33.70589583333334,34.4934375,35.09077083333333,34.13845833333333,36.560520833333335
2021-05-30 00:00:00+00:00,35.69829166666667,33.54835416666666,34.36391666666667,35.01991666666667,34.115125,36.556354166666665
2021-05-31 00:00:00+00:00,35.58595833333333,33.70889583333334,34.642625,35.27195833333334,34.254895833333336,36.58922916666666
2021-06-01 00:00:00+00:00,36.16341666666667,34.03310416666667,34.91229166666667,35.538125,34.60822916666667,36.8913125
2021-06-02 00:00:00+00:00,36.05239583333333,33.7340625,34.56933333333333,35.08595833333333,34.161875,36.64733333333333
2021-06-03 00:00:00+00:00,36.2215625,33.942166666666665,34.83145833333334,35.30041666666667,34.3485625,36.7265
2021-06-04 00:00:00+00:00,36.17825,33.9795,34.911625,35.309354166666665,34.357458333333334,36.718979166666664
2021-06-05 00:00:00+00:00,36.89183333333333,34.02166666666667,34.713520833333334,35.08654166666667,34.10758333333333,36.58410416666667
2021-06-06 00:00:00+00:00,36.306354166666665,33.43083333333333,34.361270833333336,34.95983333333333,33.94864583333334,36.449729166666664
2021-06-07 00:00:00+00:00,35.97285416666667,33.587895833333334,34.6785625,35.12983333333333,34.086333333333336,36.4799375
2021-06-08 00:00:00+00:00,35.868854166666665,33.565895833333336,34.524375,35.04775,34.03154166666667,36.473395833333335
2021-06-09 00:00:00+00:00,35.7235625,33.50927083333333,34.55102083333333,35.092999999999996,34.119687500000005,36.522416666666665
2021-06-10 00:00:00+00:00,35.0639375,33.109375,34.22139583333333,34.79516666666667,33.85070833333334,36.373916666666666
2021-06-11 00:00:00+00:00,35.283770833333335,33.371604166666664,34.52395833333333,35.0219375,34.0528125,36.4501875
2021-06-12 00:00:00+00:00,35.194229166666666,33.29989583333333,34.524520833333334,35.01297916666667,33.98985416666667,36.40502083333333
2021-06-13 00:00:00+00:00,33.09195833333333,31.902145833333336,33.44047916666667,34.289854166666665,33.50597916666667,36.15991666666667
2021-06-14 00:00:00+00:00,33.14875,32.57622916666667,33.9709375,34.4575,33.338520833333334,35.842625000000005
2021-06-15 00:00:00+00:00,33.944250000000004,33.148208333333336,34.452729166666664,34.77125,33.50422916666667,35.83891666666667
2021-06-16 00:00:00+00:00,34.99904166666666,33.97858333333333,35.280499999999996,35.5743125,34.40452083333333,36.49302083333333
2021-06-17 00:00:00+00:00,36.733604166666666,34.57958333333333,35.6524375,35.98591666666667,34.87639583333333,36.92072916666667
2021-06-18 00:00:00+00:00,36.45666666666667,34.460208333333334,35.666916666666665,36.019395833333334,34.936791666666664,37.06133333333333
2021-06-19 00:00:00+00:00,36.585458333333335,34.5945625,35.75329166666666,36.0549375,34.958666666666666,37.11664583333333
2021-06-20 00:00:00+00:00,35.048291666666664,33.11889583333333,34.49670833333333,35.1800625,34.25358333333333,36.75479166666667
2021-06-21 00:00:00+00:00,34.74941666666667,33.38433333333334,34.8851875,35.31372916666667,34.1444375,36.51745833333333
2021-06-22 00:00:00+00:00,35.16070833333333,33.71002083333333,34.987249999999996,35.398875,34.19145833333334,36.490833333333335
2021-06-23 00:00:00+00:00,35.4384375,33.96789583333334,35.242604166666666,35.6679375,34.565041666666666,36.747770833333334
2021-06-24 00:00:00+00:00,35.622875,34.170291666666664,35.57722916666667,35.84975,34.705666666666666,36.879666666666665
2021-06-25 00:00:00+00:00,36.416625,35.00908333333333,36.340125,36.35872916666667,35.183729166666666,37.25691666666667
2021-06-26 00:00:00+00:00,36.020020833333334,34.6636875,36.12289583333334,36.50172916666667,35.531395833333335,37.711625
2021-06-27 00:00:00+00:00,31.9265,31.874312500000002,33.7551875,34.68383333333333,33.97635416666667,36.74672916666667
2021-06-28 00:00:00+00:00,28.308625000000003,29.663291666666666,32.0939375,33.7035625,33.267,36.207770833333335
2021-06-29 00:00:00+00:00,29.05633333333333,30.526833333333332,32.481874999999995,33.45775,32.7185,35.7270625
2021-06-30 00:00:00+00:00,32.800374999999995,33.2681875,34.509166666666665,34.92377083333333,33.49672916666667,35.84702083333333
2021-07-01 00:00:00+00:00,33.18441666666667,33.550937499999996,35.00120833333333,35.54683333333333,34.059083333333334,36.20252083333333
2021-07-02 00:00:00+00:00,34.138375,33.93304166666667,35.11835416666667,35.8098125,34.83527083333333,37.014625
2021-07-03 00:00:00+00:00,33.468020833333334,33.7920625,35.22439583333333,35.710520833333334,34.62766666666666,36.835187499999996
2021-07-04 00:00:00+00:00,34.23710416666667,33.75114583333333,34.8515625,35.596624999999996,34.69647916666667,37.00664583333333
2021-07-05 00:00:00+00:00,35.765145833333335,34.799395833333335,35.90495833333333,36.49875,35.610729166666665,37.7353125
2021-07-06 00:00:00+00:00,35.19885416666667,34.3805625,35.587125,36.1275,35.1018125,37.378499999999995
2021-07-07 00:00:00+00:00,34.38141666666667,33.59127083333333,34.589666666666666,35.3275,34.38783333333333,36.918749999999996
2021-07-08 00:00:00+00:00,34.688520833333335,33.856520833333335,34.949416666666664,35.5683125,34.45464583333334,36.808416666666666
2021-07-09 00:00:00+00:00,34.803000000000004,34.02197916666667,35.20547916666667,35.838249999999995,34.73745833333333,36.98804166666667
2021-07-10 00:00:00+00:00,34.81610416666667,34.4163125,36.0565,36.443958333333335,35.057833333333335,37.12139583333333
2021-07-11 00:00:00+00:00,35.69385416666667,34.93091666666667,36.177,36.677375,35.582458333333335,37.637208333333334
2021-07-12 00:00:00+00:00,34.684333333333335,33.8401875,34.795458333333336,35.5716875,34.59558333333333,37.041583333333335
2021-07-13 00:00:00+00:00,34.00625,33.736875,35.05608333333333,35.7193125,34.55758333333333,36.85964583333333
2021-07-14 00:00:00+00:00,33.949895833333336,33.55170833333333,34.79516666666667,35.41525,34.247499999999995,36.62847916666667
2021-07-15 00:00:00+00:00,34.180187499999995,33.88854166666667,35.27435416666666,35.8168125,34.54927083333333,36.716166666666666
2021-07-16 00:00:00+00:00,33.80820833333333,33.48977083333333,34.68033333333333,35.350249999999996,34.220875,36.554916666666664
2021-07-17 00:00:00+00:00,33.82114583333333,33.52364583333333,34.365625,35.08683333333333,33.885875000000006,36.230312500000004
2021-07-18 00:00:00+00:00,30.150000000000002,30.929458333333333,32.52045833333333,34.10075,33.32035416666667,35.89929166666667
2021-07-19 00:00:00+00:00,29.847458333333332,31.2936875,32.699729166666664,33.841791666666666,32.691375,35.41525
2021-07-20 00:00:00+00:00,31.1886875,32.58133333333333,33.2566875,34.2070625,32.560375,35.05179166666667
2021-07-21 00:00:00+00:00,31.031499999999998,32.49072916666667,33.1584375,34.34527083333333,32.54152083333333,34.807875
2021-07-22 00:00:00+00:00,30.033854166666668,31.95,32.9978125,33.99197916666667,32.04,34.363125000000004
2021-07-23 00:00:00+00:00,31.4049375,32.849979166666664,33.25691666666667,34.828624999999995,32.876416666666664,34.2144375
2021-07-24 00:00:00+00:00,31.900625,33.49066666666666,34.457541666666664,35.5333125,34.161541666666665,35.589125
2021-07-25 00:00:00+00:00,32.851958333333336,34.216520833333334,34.80970833333333,35.511041666666664,34.7538125,36.56260416666667
2021-07-26 00:00:00+00:00,34.2810625,34.54677083333333,35.20875,36.07689583333333,35.44433333333333,37.49372916666667
2021-07-27 00:00:00+00:00,33.38489583333333,33.514270833333335,34.025124999999996,35.04808333333333,34.40977083333333,36.973
2021-07-28 00:00:00+00:00,33.651895833333334,33.715333333333334,34.40525,35.13672916666667,34.132875,36.65620833333333
2021-07-29 00:00:00+00:00,30.908208333333334,31.508395833333335,32.23439583333333,34.1558125,33.68475,36.44802083333333
2021-07-30 00:00:00+00:00,27.602979166666668,28.5248125,29.397458333333333,32.0025625,32.425916666666666,35.7995625
2021-07-31 00:00:00+00:00,27.770916666666665,29.58075,30.141395833333334,31.365229166666666,31.056124999999998,34.993249999999996
2021-08-01 00:00:00+00:00,25.486333333333334,28.191125,28.58102083333333,30.339291666666668,29.834,33.98308333333333
2021-08-02 00:00:00+00:00,25.800708333333333,28.799979166666663,28.758666666666667,29.389708333333335,28.74489583333333,32.95914583333333
2021-08-03 00:00:00+00:00,30.21258333333333,32.590895833333335,32.57416666666666,32.850458333333336,30.129041666666666,32.6380625
2021-08-04 00:00:00+00:00,30.797395833333336,32.869083333333336,32.879395833333334,34.21385416666667,32.164479166666666,33.0699375
2021-08-05 00:00:00+00:00,30.751541666666668,32.90764583333333,32.73235416666667,33.957708333333336,32.05179166666667,33.219812499999996
2021-08-06 00:00:00+00:00,32.649770833333335,34.00066666666667,33.81933333333333,35.14391666666666,33.6235,33.98891666666667
2021-08-07 00:00:00+00:00,27.04479166666667,29.099083333333336,29.33485416666667,31.601125,31.51354166666667,33.860145833333334
2021-08-08 00:00:00+00:00,23.300083333333333,26.173041666666666,26.728979166666665,28.671583333333334,29.20875,32.60539583333333
2021-08-09 00:00:00+00:00,22.666479166666665,25.997083333333332,26.859916666666667,27.850458333333336,27.982666666666663,31.5474375
2021-08-10 00:00:00+00:00,29.60325,32.82908333333334,32.5593125,32.321104166666665,28.051770833333332,30.944520833333332
2021-08-11 00:00:00+00:00,30.268416666666667,32.2648125,31.650875,32.195458333333335,28.920875,30.871958333333335
2021-08-12 00:00:00+00:00,32.24733333333334,33.7818125,33.20302083333333,33.60483333333333,29.945875,30.874875
2021-08-13 00:00:00+00:00,33.26525,34.26391666666667,34.7095,35.81891666666667,35.446416666666664,37.0996875
2021-08-14 00:00:00+00:00,33.0433125,33.55460416666667,33.715354166666664,34.942375,34.678374999999996,37.4459375
2021-08-15 00:00:00+00:00,31.906770833333336,32.505854166666666,32.92820833333334,34.74283333333333,34.545541666666665,37.3729375
2021-08-16 00:00:00+00:00,33.07564583333333,33.60666666666666,33.62622916666667,34.860166666666665,34.32341666666667,37.082208333333334
2021-08-17 00:00:00+00:00,32.9001875,33.421729166666665,33.89839583333333,35.39754166666666,34.971375,37.56216666666666
2021-08-18 00:00:00+00:00,31.704416666666663,32.21027083333333,32.780750000000005,34.64245833333333,34.069375,37.03847916666667
2021-08-19 00:00:00+00:00,31.088729166666667,31.586520833333335,31.878666666666664,33.529937499999996,32.94266666666667,36.31495833333333
2021-08-20 00:00:00+00:00,33.27654166666667,33.761604166666665,34.25879166666667,35.12741666666667,33.555125,36.15014583333333
2021-08-21 00:00:00+00:00,33.256479166666665,33.36964583333333,33.591208333333334,34.89552083333333,34.358875000000005,37.25116666666667
2021-08-22 00:00:00+00:00,33.140375,33.15083333333333,33.31720833333333,34.53745833333333,33.696125,36.629083333333334
2021-08-23 00:00:00+00:00,33.20614583333333,33.4340625,33.14877083333334,34.2955,33.27035416666667,36.22195833333333
2021-08-24 00:00:00+00:00,33.19614583333333,33.38110416666667,33.323770833333334,34.17127083333333,32.80804166666667,35.8359375
2021-08-25 00:00:00+00:00,33.10602083333333,33.16970833333333,33.24829166666667,34.227354166666665,32.79891666666666,35.6395
2021-08-26 00:00:00+00:00,34.1295,34.252541666666666,34.6430625,35.39675,34.2073125,36.75635416666667
2021-08-27 00:00:00+00:00,33.998875,34.03729166666667,34.3439375,35.37945833333333,34.606208333333335,37.485708333333335
2021-08-28 00:00:00+00:00,31.9746875,32.33658333333333,33.02466666666667,34.63725,34.110875,37.2585
2021-08-29 00:00:00+00:00,30.256604166666666,30.463145833333332,30.186374999999998,32.141,32.492958333333334,36.394937500000005
2021-08-30 00:00:00+00:00,29.83220833333333,30.56160416666667,30.66541666666667,31.6131875,31.175749999999997,35.54510416666667
2021-08-31 00:00:00+00:00,31.2878125,32.21066666666667,32.397625,33.24227083333333,31.377520833333335,35.03722916666667
2021-09-01 00:00:00+00:00,32.51645833333333,33.11291666666667,33.25627083333333,34.21075,32.1775625,34.966770833333335
2021-09-02 00:00:00+00:00,35.86904166666667,35.043708333333335,35.19764583333333,35.82325,34.365375,36.71279166666667
2021-09-03 00:00:00+00:00,34.56910416666667,34.022687499999996,34.268229166666664,35.17033333333333,34.10989583333333,37.102375
2021-09-04 00:00:00+00:00,35.23564583333333,34.351875,34.02533333333333,34.97777083333333,33.862833333333334,36.91733333333333
2021-09-05 00:00:00+00:00,32.56666666666667,32.141104166666665,31.8828125,33.595645833333336,33.00575,36.513666666666666
2021-09-06 00:00:00+00:00,30.517041666666668,31.13372916666667,31.408208333333334,32.62025,31.757458333333332,35.75327083333334
2021-09-07 00:00:00+00:00,33.5283125,33.76945833333333,33.35964583333333,34.0165625,31.7165625,35.071958333333335
2021-09-08 00:00:00+00:00,32.342395833333335,32.40716666666666,32.0844375,33.45739583333333,31.956,34.835812499999996
2021-09-09 00:00:00+00:00,31.609333333333336,32.15654166666666,31.5048125,32.82510416666667,31.180333333333333,34.29079166666667
2021-09-10 00:00:00+00:00,33.56904166666667,33.90777083333334,33.14779166666667,33.729708333333335,30.935291666666668,33.611020833333335
2021-09-11 00:00:00+00:00,31.765270833333332,32.38939583333333,32.038041666666665,33.81066666666667,32.64625,34.783833333333334
2021-09-12 00:00:00+00:00,26.9789375,28.280937499999997,27.932083333333335,30.508625,30.882104166666664,34.58502083333333
2021-09-13 00:00:00+00:00,26.605354166666668,27.661375000000003,27.44225,28.390604166666666,29.049833333333336,33.53977083333333
2021-09-14 00:00:00+00:00,29.373,30.428770833333335,30.5174375,30.58202083333333,28.811000000000003,33.10689583333333
2021-09-15 00:00:00+00:00,30.413749999999997,31.7530625,31.21077083333333,32.03247916666667,28.914895833333333,32.589416666666665
2021-09-16 00:00:00+00:00,29.81822916666667,31.160708333333332,29.93375,30.853375,28.369770833333334,32.10125
2021-09-17 00:00:00+00:00,28.828,30.508687499999997,29.404625,30.270729166666666,27.83575,31.695833333333336
2021-09-18 00:00:00+00:00,25.199020833333336,27.263020833333332,26.526375,28.08639583333333,27.087395833333332,30.991604166666665
2021-09-19 00:00:00+00:00,22.847333333333335,25.322374999999997,25.08620833333333,26.499479166666664,26.102874999999997,30.0878125
2021-09-20 00:00:00+00:00,28.058062500000002,27.774145833333336,26.714875000000003,26.347062499999996,25.63854166666667,29.641229166666665
2021-09-21 00:00:00+00:00,35.69222916666667,32.36572916666667,26.592333333333332,26.48047916666667,25.677291666666665,29.6470625
2021-09-22 00:00:00+00:00,33.90839583333334,31.908749999999998,26.85664583333333,26.392770833333334,25.689166666666665,29.672416666666667
2021-09-23 00:00:00+00:00,33.036458333333336,32.2148125,29.886166666666668,28.722958333333334,25.66989583333333,29.602041666666665
2021-09-24 00:00:00+00:00,33.618604166666664,33.210479166666666,30.920083333333334,30.676437500000002,25.970791666666667,29.587666666666667
2021-09-25 00:00:00+00:00,31.291812500000002,31.732229166666666,29.105625,29.797,26.320229166666667,29.644770833333336
2021-09-26 00:00:00+00:00,27.232312500000003,28.972624999999997,27.09266666666667,28.061125,26.132125000000002,29.594437499999998
2021-09-27 00:00:00+00:00,26.650583333333334,28.801291666666668,27.770062499999998,27.230229166666664,25.710729166666667,29.387375000000002
2021-09-28 00:00:00+00:00,27.466979166666665,29.807833333333335,27.992770833333335,27.381229166666667,25.4995625,29.241395833333332
2021-09-29 00:00:00+00:00,25.996416666666665,29.094979166666665,27.85745833333333,27.0773125,25.271583333333336,29.0185625
2021-09-30 00:00:00+00:00,29.631666666666664,32.8884375,31.0281875,29.67595833333333,25.281916666666664,28.918000000000003
2021-10-01 00:00:00+00:00,31.7146875,34.59166666666667,32.3451875,32.707875,28.314520833333333,29.485312500000003
2021-10-02 00:00:00+00:00,31.792645833333335,33.90177083333334,31.6604375,32.8525,30.794,31.203500000000002
2021-10-03 00:00:00+00:00,29.972895833333336,31.583083333333335,28.883645833333333,30.628354166666668,29.868395833333334,31.910812500000002
2021-10-04 00:00:00+00:00,34.273,33.972833333333334,29.93925,30.345770833333333,28.47564583333333,31.456395833333332
2021-10-05 00:00:00+00:00,32.68752083333333,32.92939583333333,29.74389583333333,29.813625000000002,27.896708333333333,31.102604166666666
2021-10-06 00:00:00+00:00,32.33264583333334,32.86564583333333,29.335270833333336,29.013770833333336,27.50583333333333,30.854312500000002
2021-10-07 00:00:00+00:00,32.811437500000004,33.71935416666667,31.069895833333334,30.889645833333333,27.757479166666666,30.799833333333336
2021-10-08 00:00:00+00:00,33.17604166666667,33.98885416666666,32.00470833333333,32.493875,29.258750000000003,31.039833333333334
2021-10-09 00:00:00+00:00,30.210354166666665,31.749041666666667,29.876541666666668,31.099708333333336,29.711250000000003,31.745208333333334
2021-10-10 00:00:00+00:00,26.56375,29.26789583333333,27.824916666666667,29.1549375,28.828791666666664,31.637937500000003
2021-10-11 00:00:00+00:00,29.736854166666664,32.211375,31.084729166666666,31.393020833333335,29.096791666666665,31.455458333333336
2021-10-12 00:00:00+00:00,29.8898125,31.851812499999998,29.959374999999998,31.194999999999997,29.456875,31.528395833333335
2021-10-13 00:00:00+00:00,29.550250000000002,31.875604166666665,30.36672916666667,31.114833333333333,28.88670833333333,31.40777083333333
2021-10-14 00:00:00+00:00,27.931354166666665,30.362770833333332,28.6070625,30.036666666666665,28.564958333333333,31.213104166666668
2021-10-15 00:00:00+00:00,27.6909375,30.366666666666664,28.622125,28.929354166666666,27.906270833333334,30.980583333333332
2021-10-16 00:00:00+00:00,29.877645833333332,32.35675,30.266499999999997,30.911708333333333,28.158749999999998,30.837541666666667
2021-10-17 00:00:00+00:00,28.0259375,30.558791666666664,28.449125,30.202145833333333,28.364500000000003,30.76697916666667
2021-10-18 00:00:00+00:00,29.082166666666666,31.4500625,29.616416666666666,30.382291666666664,27.9520625,30.695375
2021-10-19 00:00:00+00:00,28.182000000000002,30.458270833333334,28.444666666666667,29.80333333333333,27.892645833333333,30.636083333333332
2021-10-20 00:00:00+00:00,28.172,30.849895833333335,29.146041666666665,29.958083333333335,27.6231875,30.536604166666667
2021-10-21 00:00:00+00:00,28.53,30.78516666666667,28.474791666666665,29.168000000000003,27.4773125,30.423020833333336
2021-10-22 00:00:00+00:00,33.9846875,34.077958333333335,33.480062499999995,34.48575,34.2284375,36.39991666666666
2021-10-23 00:00:00+00:00,34.11627083333334,33.36320833333333,33.83170833333333,35.434041666666666,34.962875000000004,37.8550625
2021-10-24 00:00:00+00:00,32.39658333333333,31.998125,32.68666666666667,34.49785416666666,33.79658333333334,36.98677083333333
2021-10-25 00:00:00+00:00,30.554208333333335,30.942354166666664,31.86866666666667,33.90170833333333,33.18204166666667,36.531104166666665
2021-10-26 00:00:00+00:00,29.2285,30.22820833333333,31.345208333333332,33.50420833333333,32.752,36.18270833333333
2021-10-27 00:00:00+00:00,33.72664583333333,31.683270833333335,31.472958333333334,33.429270833333334,32.497875,35.92241666666667
2021-10-28 00:00:00+00:00,32.5585,31.55275,31.53408333333333,33.439708333333336,32.35222916666667,35.73858333333333
2021-10-29 00:00:00+00:00,31.580166666666667,30.998708333333337,31.424083333333332,33.319812500000005,32.1625,35.566812500000005
2021-10-30 00:00:00+00:00,30.957166666666666,30.7426875,31.358333333333334,33.210541666666664,31.998520833333334,35.420854166666665
2021-10-31 00:00:00+00:00,30.274729166666663,30.444041666666667,31.108708333333336,32.982958333333336,31.823354166666665,35.2974375
2021-11-01 00:00:00+00:00,29.193520833333334,29.998708333333337,30.759979166666668,32.678895833333335,31.610041666666664,35.165
2021-11-02 00:00:00+00:00,28.103416666666664,29.46229166666667,30.437020833333335,32.412979166666666,31.4339375,35.06883333333334
2021-11-03 00:00:00+00:00,27.19066666666667,28.931749999999997,30.061062500000002,32.09104166666666,31.1985,34.920770833333336
2021-11-04 00:00:00+00:00,26.194666666666667,28.33095833333333,29.69395833333333,31.776812500000002,30.931208333333334,34.733
2021-11-05 00:00:00+00:00,25.670312499999998,27.977687500000002,29.44275,31.50979166666667,30.649916666666666,34.523937499999995
2021-11-06 00:00:00+00:00,25.270520833333332,27.7500625,29.288124999999997,31.32439583333333,30.411041666666666,34.31583333333334
2021-11-07 00:00:00+00:00,24.948958333333334,27.544375000000002,29.131687499999998,31.140854166666667,30.187354166666665,34.11804166666666
2021-11-08 00:00:00+00:00,24.774083333333333,27.423166666666663,29.012604166666666,30.988041666666664,29.988395833333332,33.936083333333336
2021-11-09 00:00:00+00:00,24.671583333333334,27.370854166666664,28.960270833333336,30.888791666666666,29.841270833333336,33.78425
2021-11-10 00:00:00+00:00,24.5533125,27.322833333333335,28.924458333333334,30.824291666666667,29.748562500000002,33.682125
2021-11-11 00:00:00+00:00,24.2950625,27.130333333333336,28.7801875,30.692708333333332,29.619979166666667,33.562333333333335
2021-11-12 00:00:00+00:00,24.170437500000002,26.98464583333333,28.630354166666667,30.526770833333334,29.461333333333332,33.42797916666667
2021-11-13 00:00:00+00:00,24.128041666666665,26.924041666666668,28.5503125,30.420395833333334,29.354145833333334,33.32089583333333
2021-11-14 00:00:00+00:00,23.944812499999998,26.79041666666667,28.451791666666665,30.336583333333333,29.272770833333336,33.23102083333333
2021-11-15 00:00:00+00:00,23.6110625,26.5708125,28.283041666666666,30.168270833333334,29.125208333333333,33.13008333333333
2021-11-16 00:00:00+00:00,23.3509375,26.339125,28.09391666666667,29.998458333333332,28.96785416666667,33.007749999999994
2021-11-17 00:00:00+00:00,23.285187500000003,26.206083333333336,27.990333333333336,29.89154166666667,28.843208333333333,32.88533333333333
2021-11-18 00:00:00+00:00,27.412333333333333,26.47175,28.038625,29.933854166666666,28.802020833333334,32.8074375
2021-11-19 00:00:00+00:00,29.465666666666667,27.02208333333333,28.140416666666667,30.002520833333335,28.81441666666667,32.7681875
2021-11-20 00:00:00+00:00,32.11264583333333,30.367708333333336,30.264499999999998,31.263291666666664,29.518020833333335,33.029833333333336
2021-11-21 00:00:00+00:00,33.74422916666666,33.23316666666667,34.31347916666667,35.409124999999996,33.252583333333334,35.7586875
2021-11-22 00:00:00+00:00,33.112770833333336,32.405187500000004,33.43116666666666,34.7918125,32.863375,35.692479166666665
2021-11-23 00:00:00+00:00,32.905499999999996,32.15327083333333,33.18910416666667,34.614875,32.767375,35.661
2021-11-24 00:00:00+00:00,32.2881875,31.7044375,32.891687499999996,34.43425,32.670375,35.62670833333333
2021-11-25 00:00:00+00:00,31.922562499999998,31.371291666666664,32.601708333333335,34.214395833333334,32.50625,35.515375
2021-11-26 00:00:00+00:00,31.558083333333332,31.104583333333334,32.3756875,34.030125000000005,32.34679166666667,35.38916666666666
2021-11-27 00:00:00+00:00,31.244604166666665,30.85654166666667,32.1523125,33.845,32.184104166666664,35.252875
2021-11-28 00:00:00+00:00,30.693749999999998,30.5330625,31.915541666666666,33.66072916666666,32.01991666666667,35.116375
2021-11-29 00:00:00+00:00,30.697979166666666,30.424645833333333,31.74727083333333,33.488499999999995,31.851937500000002,34.968625
2021-11-30 00:00:00+00:00,30.6743125,30.449875000000002,31.722375,33.4398125,31.766104166666665,34.8665625
2021-12-01 00:00:00+00:00,30.489166666666666,30.325416666666666,31.633458333333333,33.37222916666666,31.706374999999998,34.793124999999996
2021-12-02 00:00:00+00:00,30.594854166666664,30.298395833333334,31.573625000000003,33.3103125,31.644458333333333,34.725125
2021-12-03 00:00:00+00:00,30.238583333333334,30.074749999999998,31.407645833333333,33.19833333333333,31.557479166666667,34.655750000000005
2021-12-04 00:00:00+00:00,30.2451875,30.043541666666666,31.332541666666668,33.09860416666667,31.441708333333334,34.55433333333333
2021-12-05 00:00:00+00:00,30.071145833333333,29.9656875,31.280458333333332,33.0465625,31.382625,34.476499999999994
2021-12-06 00:00:00+00:00,29.9575,29.898145833333334,31.212437499999997,32.98429166666667,31.318375,34.42422916666667
2021-12-07 00:00:00+00:00,29.975687500000003,29.895416666666666,31.187020833333335,32.949958333333335,31.276520833333333,34.366
2021-12-08 00:00:00+00:00,29.8961875,29.908729166666664,31.201291666666666,32.949625,31.269625,34.3406875
2021-12-09 00:00:00+00:00,29.532229166666667,29.715895833333335,31.101125,32.89595833333333,31.246312500000002,34.31610416666667
2021-12-10 00:00:00+00:00,29.581270833333335,29.716520833333334,31.062791666666666,32.842958333333335,31.188666666666666,34.26625
2021-12-11 00:00:00+00:00,29.510270833333333,29.733833333333333,31.063437500000003,32.842687500000004,31.181708333333333,34.24516666666667
2021-12-12 00:00:00+00:00,29.397875,29.720416666666665,31.070395833333333,32.85808333333333,31.19095833333333,34.238437499999996
2021-12-13 00:00:00+00:00,29.105249999999998,29.537833333333335,30.977708333333336,32.811458333333334,31.175,34.23225
2021-12-14 00:00:00+00:00,28.929770833333333,29.368604166666668,30.8484375,32.716458333333335,31.09775,34.1763125
2021-12-15 00:00:00+00:00,29.00197916666667,29.336270833333334,30.791479166666665,32.656166666666664,31.03414583333333,34.11864583333333
2021-12-16 00:00:00+00:00,29.024562500000002,29.305062500000002,30.751437499999998,32.61745833333333,30.991958333333333,34.064625
2021-12-17 00:00:00+00:00,29.064708333333332,29.311625000000003,30.733687500000002,32.601145833333334,30.9599375,34.024854166666664
2021-12-18 00:00:00+00:00,29.0659375,29.27916666666667,30.70885416666667,32.5726875,30.9364375,34.001250000000006
2021-12-19 00:00:00+00:00,29.4126875,29.285416666666666,30.670291666666667,32.54270833333333,30.908125,33.969479166666666
2021-12-20 00:00:00+00:00,29.363333333333333,29.276229166666667,30.632729166666667,32.51129166666667,30.87391666666667,33.93825
2021-12-21 00:00:00+00:00,29.509874999999997,29.348020833333333,30.65235416666667,32.49904166666666,30.851604166666664,33.907291666666666
2021-12-22 00:00:00+00:00,29.586,29.407625,30.691979166666666,32.52589583333333,30.86520833333333,33.91225
2021-12-23 00:00:00+00:00,29.6615625,29.48635416666667,30.751729166666667,32.564770833333334,30.888416666666668,33.915708333333335
2021-12-24 00:00:00+00:00,29.5535,29.413083333333333,30.70175,32.55402083333333,30.890020833333335,33.924249999999994
2021-12-25 00:00:00+00:00,29.467249999999996,29.371,30.670416666666668,32.528125,30.871375,33.90422916666667
2021-12-26 00:00:00+00:00,29.44022916666667,29.342479166666667,30.63772916666667,32.50097916666667,30.843395833333332,33.8845
2021-12-27 00:00:00+00:00,29.557354166666666,29.372,30.628979166666667,32.47808333333334,30.818104166666668,33.86185416666667
2021-12-28 00:00:00+00:00,29.442708333333332,29.384,30.657041666666668,32.49072916666667,30.832520833333334,33.85275
2021-12-29 00:00:00+00:00,29.235604166666665,29.294416666666667,30.609020833333332,32.465375,30.813,33.851437499999996
2021-12-30 00:00:00+00:00,29.00089583333333,29.181833333333334,30.538375000000002,32.41195833333333,30.777854166666668,33.828625
2021-12-31 00:00:00+00:00,28.877,29.194,30.541,32.389,30.75,33.804
